start_s,end_s,duration_us
28.27224405,28.272250175,6.125
28.830494361,28.830500611,6.25
29.6643618,29.664367967,6.167
30.121262625,30.121268791,6.166
30.306584199,30.306590365,6.166
30.675365939,30.675372106,6.167
30.8486618,30.848667967,6.167
31.198133416,31.198139666,6.25
31.376775773,31.376781939,6.166
31.760535796,31.760542069,6.273
32.47465756,32.474663726,6.166
32.991325625,32.991331791,6.166
33.444243421,33.444249671,6.25
34.738615736,34.738621902,6.166
35.124325476,35.124331643,6.167
35.42881231,35.428818476,6.166
35.662289361,35.662295611,6.25
46.396756287,46.396762537,6.25
46.969660634,46.9696668,6.166
48.13886624,48.13887249,6.25
48.664931398,48.664937643,6.245
49.005196231,49.005202398,6.167
49.355803481,49.355809736,6.255
55.130227439,55.130233606,6.167
56.860405652,56.860411819,6.167
57.443979708,57.443985875,6.167
63.38026737,63.380273537,6.167
64.628887898,64.628894143,6.245
65.928308328,65.928314495,6.167
67.6352093,67.635215467,6.167
70.058182925,70.058189175,6.25
70.830847851,70.830854101,6.25
71.656004222,71.656010328,6.106
72.180954231,72.180960476,6.245
72.659146236,72.659152402,6.166
72.880923796,72.880930046,6.25
73.061621041,73.06162724,6.199
73.443375828,73.443381995,6.167
73.645019296,73.64502537,6.074
74.798111986,74.798118152,6.166
90.982555152,90.982561319,6.167
102.96538199,102.96538824,6.25
127.914311185,127.914317435,6.25
129.617191449,129.617197615,6.166
130.465286444,130.465292694,6.25
139.200025532,139.200031699,6.167
139.950836162,139.950842328,6.166
