start_s,end_s,cpu_us,elapsed_us,slices
27.165018601,27.167138837,2114.792,2120.236,3
27.18501874,27.187146703,2122.032,2127.963,3
27.205019203,27.207141009,2115.917,2121.806,3
27.2250188,27.227139745,2115.306,2120.945,3
27.245018333,27.247145791,2121.672,2127.458,3
27.265018916,27.267139416,2115.0,2120.5,3
27.285022125,27.287142134,2114.385,2120.009,3
27.305018509,27.307140143,2116.01,2121.634,3
27.325019162,27.327140351,2115.411,2121.189,3
27.3450188,27.347140722,2115.945,2121.922,3
27.365018106,27.367145958,2122.088,2127.852,3
27.385018763,27.387139259,2114.996,2120.496,3
27.405018541,27.40713925,2115.241,2120.709,3
27.425018574,27.427145347,2120.921,2126.773,3
27.445018657,27.44713943,2115.388,2120.773,3
27.465018615,27.467139138,2114.805,2120.523,3
27.485018925,27.487146083,2121.375,2127.158,3
27.505018324,27.507139425,2115.657,2121.101,3
27.525018787,27.527139175,2114.708,2120.388,3
27.725018481,27.727146569,2122.055,2128.088,3
27.745018805,27.747139134,2114.788,2120.329,3
27.765018597,27.767140185,2115.856,2121.588,3
27.78501912,27.787146999,2122.018,2127.879,3
27.80501849,27.807139976,2115.87,2121.486,3
27.825018601,27.827139583,2115.283,2120.982,3
27.845018347,27.847144763,2120.694,2126.416,3
27.865018462,27.867142504,2118.367,2124.042,3
27.885019185,27.887139861,2115.078,2120.676,3
27.905019032,27.907139689,2114.92,2120.657,3
27.925018967,27.9271403,2115.527,2121.333,3
27.945018481,27.947146375,2122.2,2127.894,3
27.965018583,27.967139425,2115.346,2120.842,3
27.985018476,27.987138958,2114.593,2120.482,3
28.005018574,28.007145578,2121.041,2127.004,3
28.025018277,28.027138129,2114.445,2119.852,3
28.04501837,28.047138629,2114.957,2120.259,3
28.065018666,28.06713955,2115.027,2120.884,3
28.085018875,28.087139675,2115.332,2120.8,3
28.28501899,28.287139787,2115.177,2120.797,3
28.305022055,28.307143032,2115.26,2120.977,3
28.325018939,28.3271405,2115.844,2121.561,3
28.345018671,28.347139407,2115.181,2120.736,3
28.365018731,28.367147157,2122.444,2128.426,3
28.385018574,28.387138453,2114.324,2119.879,3
28.40501868,28.407139379,2115.199,2120.699,3
28.425018245,28.427145791,2121.972,2127.546,3
28.445018597,28.447142106,2117.777,2123.509,3
28.465018819,28.467140189,2115.582,2121.37,3
28.485018703,28.487140587,2116.046,2121.884,3
28.5050193,28.507139875,2115.19,2120.575,3
28.52501856,28.527145129,2120.899,2126.569,3
28.545018587,28.5471395,2115.177,2120.913,3
28.565018648,28.567138189,2114.148,2119.541,3
28.585018546,28.587145694,2121.361,2127.148,3
28.605018509,28.607138643,2114.727,2120.134,3
28.625018125,28.627138425,2114.657,2120.3,3
28.845018537,28.847146537,2122.13,2128.0,3
28.865018935,28.867139972,2115.444,2121.037,3
28.885018546,28.887139523,2115.403,2120.977,3
28.905018379,28.907146226,2122.046,2127.847,3
28.925018902,28.927140078,2115.443,2121.176,3
28.945018685,28.947139486,2115.097,2120.801,3
28.965018601,28.96714555,2121.065,2126.949,3
28.985018708,28.987142481,2118.199,2123.773,3
29.005018592,29.007138925,2114.725,2120.333,3
29.025018675,29.027143351,2118.88,2124.676,3
29.045018736,29.04714068,2116.221,2121.944,3
29.065018458,29.06714687,2122.583,2128.412,3
29.085019541,29.087140898,2115.885,2121.357,3
29.105018527,29.107139282,2115.139,2120.755,3
29.125018564,29.127146152,2121.736,2127.588,3
29.145018412,29.14713955,2115.772,2121.138,3
29.165018384,29.167139148,2115.19,2120.764,3
29.185018388,29.187145708,2121.506,2127.32,3
29.205018986,29.207139875,2115.166,2120.889,3
29.225018773,29.227138745,2114.536,2119.972,3
29.425018675,29.427146013,2121.357,2127.338,3
29.445018842,29.447139787,2115.312,2120.945,3
29.465018467,29.467140185,2116.125,2121.718,3
29.485018606,29.487146101,2121.661,2127.495,3
29.505018828,29.507139453,2114.996,2120.625,3
29.525018703,29.527139907,2115.504,2121.204,3
29.545018425,29.547146166,2121.935,2127.741,3
29.565018583,29.567138925,2114.847,2120.342,3
29.585018606,29.587139388,2115.309,2120.782,3
29.605018902,29.607140421,2115.7,2121.519,3
29.625018879,29.627143194,2118.601,2124.315,3
29.645018805,29.647141101,2116.547,2122.296,3
29.665019124,29.667139643,2115.038,2120.519,3
29.685018379,29.687138759,2114.922,2120.38,3
29.705018509,29.707144606,2120.306,2126.097,3
29.725018273,29.727138842,2115.028,2120.569,3
29.745018814,29.747139453,2114.931,2120.639,3
29.765018685,29.767145388,2120.944,2126.703,3
29.785018546,29.787138782,2114.643,2120.236,3
29.985018708,29.987139421,2115.143,2120.713,3
30.005019004,30.007146699,2121.848,2127.695,3
30.025018953,30.027140722,2116.056,2121.769,3
30.045018638,30.047139902,2115.597,2121.264,3
30.065018879,30.067147138,2122.416,2128.259,3
30.085018921,30.08714031,2115.635,2121.389,3
30.105018615,30.107139652,2115.348,2121.037,3
30.125018504,30.127145921,2121.638,2127.417,3
30.145018624,30.147138722,2114.769,2120.098,3
30.165018527,30.167138828,2114.871,2120.301,3
30.185018467,30.18714612,2122.051,2127.653,3
30.205018708,30.207139907,2115.472,2121.199,3
30.225018555,30.227140347,2116.033,2121.792,3
30.24501837,30.247145587,2121.366,2127.217,3
30.265018629,30.267139467,2115.17,2120.838,3
30.285018537,30.287138731,2114.86,2120.194,3
30.305018662,30.307156453,2125.75,2137.791,4
30.325018976,30.32713943,2115.07,2120.454,3
30.345021787,30.347142625,2115.403,2120.838,3
30.54501856,30.547146087,2121.722,2127.527,3
30.565018675,30.567143523,2119.15,2124.848,3
30.585019115,30.587140009,2115.085,2120.894,3
30.605018731,30.607140537,2116.079,2121.806,3
30.625018828,30.627139546,2115.139,2120.718,3
30.645018962,30.647140134,2115.524,2121.172,3
30.665018962,30.667146837,2121.921,2127.875,3
30.68501875,30.687139138,2114.944,2120.388,3
30.705018342,30.707138888,2114.902,2120.546,3
30.725018166,30.727145222,2121.325,2127.056,3
30.745018569,30.747139976,2115.911,2121.407,3
30.765018824,30.767139634,2115.19,2120.81,3
30.78501875,30.787146041,2121.611,2127.291,3
30.805018898,30.807140143,2115.759,2121.245,3
30.825018412,30.827138486,2114.477,2120.074,3
30.845018337,30.847145504,2121.564,2127.167,3
30.865018587,30.867139939,2115.764,2121.352,3
30.885018476,30.887139023,2115.019,2120.547,3
30.905017916,30.907145601,2121.787,2127.685,3
31.105018925,31.107139837,2115.195,2120.912,3
31.125018671,31.127139458,2115.226,2120.787,3
31.145018402,31.147146675,2122.366,2128.273,3
31.16501868,31.167140375,2116.01,2121.695,3
31.18501831,31.187139597,2115.606,2121.287,3
31.205018439,31.207146939,2122.454,2128.5,3
31.225018777,31.227140023,2115.487,2121.246,3
31.245018374,31.247139513,2115.403,2121.139,3
31.26501831,31.267145546,2121.523,2127.236,3
31.285018578,31.28713812,2114.028,2119.542,3
31.305018388,31.307139185,2115.274,2120.797,3
31.325018523,31.327146041,2121.624,2127.518,3
31.345018773,31.347143476,2119.04,2124.703,3
31.365022041,31.367143564,2115.926,2121.523,3
31.385018444,31.387138625,2114.713,2120.181,3
31.405018953,31.407140194,2115.783,2121.241,3
31.425018467,31.42713849,2114.264,2120.023,3
31.445018513,31.447146037,2121.525,2127.524,3
31.465018708,31.467140152,2115.893,2121.444,3
31.665018708,31.667140388,2115.823,2121.68,3
31.685018453,31.687145777,2121.545,2127.324,3
31.705018597,31.70713999,2115.828,2121.393,3
31.725018634,31.72714031,2115.88,2121.676,3
31.745018879,31.747146708,2122.056,2127.829,3
31.765018925,31.767139518,2114.94,2120.593,3
31.785018675,31.787139597,2115.5,2120.922,3
31.805018518,31.807146884,2122.384,2128.366,3
31.825018629,31.827138986,2114.912,2120.357,3
31.845018759,31.847139509,2115.125,2120.75,3
31.865018828,31.867145763,2121.19,2126.935,3
31.885018638,31.887139564,2115.355,2120.926,3
31.905018773,31.907140365,2115.939,2121.592,3
31.92501843,31.927146342,2122.25,2127.912,3
31.945019013,31.947140731,2116.024,2121.718,3
31.965018643,31.967138939,2114.638,2120.296,3
31.985018689,31.987146763,2122.105,2128.074,3
32.005018805,32.007140277,2116.203,2121.472,3
32.025018574,32.027139199,2114.996,2120.625,3
32.245019037,32.247140865,2116.148,2121.828,3
32.265018504,32.267139689,2115.667,2121.185,3
32.2850185,32.287145393,2121.245,2126.893,3
32.305018699,32.307143578,2119.148,2124.879,3
32.325019041,32.327140888,2116.268,2121.847,3
32.345018824,32.347145569,2121.305,2126.745,3
32.365018842,32.367140782,2116.2,2121.94,3
32.385022152,32.387143875,2115.928,2121.723,3
32.405018166,32.407145574,2121.644,2127.408,3
32.425018995,32.427139453,2114.977,2120.458,3
32.445018583,32.447139652,2115.249,2121.069,3
32.465018407,32.467145981,2121.759,2127.574,3
32.485018356,32.487142518,2118.499,2124.162,3
32.505019157,32.507140254,2115.352,2121.097,3
32.525018643,32.52714593,2121.56,2127.287,3
32.545018958,32.5471393,2114.971,2120.342,3
32.565018375,32.567138731,2114.684,2120.356,3
32.585018759,32.587146416,2121.814,2127.657,3
32.785018537,32.787139263,2115.129,2120.726,3
32.805018888,32.807140143,2115.714,2121.255,3
32.82501856,32.827145907,2121.527,2127.347,3
32.845018796,32.84714062,2116.55,2121.824,3
32.865018972,32.867140421,2115.856,2121.449,3
32.885018643,32.887145388,2121.027,2126.745,3
32.905018625,32.907140398,2116.218,2121.773,3
32.925018574,32.927140064,2115.704,2121.49,3
32.945018712,32.9471468,2122.05,2128.088,3
32.965018546,32.967139199,2115.316,2120.653,3
32.985018384,32.987139166,2115.092,2120.782,3
33.00501856,33.007146152,2121.814,2127.592,3
33.025018731,33.027139254,2114.982,2120.523,3
33.045018328,33.047138625,2114.783,2120.297,3
33.065018314,33.067139393,2115.343,2121.079,3
33.085018842,33.087140722,2116.08,2121.88,3
33.105018444,33.107138916,2114.925,2120.472,3
33.125018402,33.127146453,2122.194,2128.051,3
33.145018898,33.147139476,2115.078,2120.578,3
33.345018606,33.34713924,2114.995,2120.634,3
33.365022458,33.367146324,2118.209,2123.866,3
33.385018532,33.38714062,2116.324,2122.088,3
33.405021537,33.407142092,2115.166,2120.555,3
33.425018467,33.427145375,2121.255,2126.908,3
33.445018893,33.447142842,2118.199,2123.949,3
33.465018837,33.467139907,2115.408,2121.07,3
33.485018615,33.48714618,2121.879,2127.565,3
33.505019004,33.507139958,2115.297,2120.954,3
33.525018449,33.527139847,2115.67,2121.398,3
33.545018435,33.547146356,2122.031,2127.921,3
33.565019055,33.567139689,2115.028,2120.634,3
33.585018828,33.587139449,2114.977,2120.621,3
33.605018601,33.607146055,2121.551,2127.454,3
33.625018638,33.627142217,2117.973,2123.579,3
33.645018699,33.647139421,2115.12,2120.722,3
33.665018569,33.667145157,2120.861,2126.588,3
33.685018532,33.687139138,2115.17,2120.606,3
33.705018333,33.707140064,2116.082,2121.731,3
33.925018486,33.927147254,2122.796,2128.768,3
33.945018851,33.947140263,2115.713,2121.412,3
33.965018944,33.96714031,2115.671,2121.366,3
33.985018537,33.987146643,2122.301,2128.106,3
34.005018773,34.007139458,2115.144,2120.685,3
34.02501856,34.027139828,2115.5,2121.268,3
34.045018657,34.047139847,2115.371,2121.19,3
34.065018402,34.067139425,2115.3,2121.023,3
34.085018671,34.087146657,2121.968,2127.986,3
34.105019111,34.107140662,2115.839,2121.551,3
34.125018333,34.127138939,2115.116,2120.606,3
34.145018351,34.147145425,2121.398,2127.074,3
34.165018736,34.167139337,2115.161,2120.601,3
34.185018555,34.187139486,2115.524,2120.931,3
34.205018634,34.207145532,2121.13,2126.898,3
34.225018805,34.227144319,2119.652,2125.514,3
34.245018662,34.247139407,2115.371,2120.745,3
34.265018578,34.267144745,2120.578,2126.167,3
34.285018504,34.287138916,2114.987,2120.412,3
34.305018675,34.307139601,2115.288,2120.926,3
34.505018652,34.507147004,2122.478,2128.352,3
34.525018587,34.527140148,2115.779,2121.561,3
34.545018657,34.547140115,2115.749,2121.458,3
34.565018564,34.56714581,2121.371,2127.246,3
34.585018407,34.587140347,2116.227,2121.94,3
34.605019027,34.607140282,2115.509,2121.255,3
34.625018592,34.627139449,2115.435,2120.857,3
34.645019037,34.647140194,2115.602,2121.157,3
34.665018875,34.66714081,2116.157,2121.935,3
34.685018129,34.687145962,2121.894,2127.833,3
34.705018638,34.707139365,2115.241,2120.727,3
34.725018578,34.727140106,2115.69,2121.528,3
34.745018337,34.747146245,2121.996,2127.908,3
34.765018819,34.767139509,2115.273,2120.69,3
34.785018722,34.787140412,2115.94,2121.69,3
34.805018671,34.80714674,2122.351,2128.069,3
34.825018874,34.827139245,2115.042,2120.371,3
34.84501849,34.847139305,2115.287,2120.815,3
34.865018564,34.867146185,2121.973,2127.621,3
35.065018953,35.067140634,2115.958,2121.681,3
35.085018629,35.087140356,2115.871,2121.727,3
35.105018893,35.107146629,2121.797,2127.736,3
35.125019185,35.127140199,2115.5,2121.014,3
35.145018486,35.147140171,2115.981,2121.685,3
35.165018652,35.167145902,2121.365,2127.25,3
35.185018541,35.187143416,2119.135,2124.875,3
35.205018953,35.207139995,2115.302,2121.042,3
35.22501868,35.227146865,2122.445,2128.185,3
35.245018449,35.247140759,2116.407,2122.31,3
35.265018592,35.26713925,2114.991,2120.658,3
35.285018611,35.287145648,2121.046,2127.037,3
35.305018648,35.307140231,2115.948,2121.583,3
35.32501849,35.327138773,2114.51,2120.283,3
35.345018652,35.347145708,2121.39,2127.056,3
35.365018555,35.367143259,2119.014,2124.704,3
35.38501905,35.38713955,2114.607,2120.5,3
35.405018638,35.407139689,2115.314,2121.051,3
35.425018583,35.427139662,2115.673,2121.079,3
35.625019106,35.627141013,2116.13,2121.907,3
35.645018722,35.647147037,2122.667,2128.315,3
35.665018893,35.667140555,2116.0,2121.662,3
35.685018912,35.687140921,2116.19,2122.009,3
35.705018342,35.707144907,2120.865,2126.565,3
35.725018458,35.727139337,2115.481,2120.879,3
35.745018958,35.747140398,2115.949,2121.44,3
35.765018444,35.767139708,2115.666,2121.264,3
35.785018884,35.787140157,2115.755,2121.273,3
35.805018912,35.807140398,2115.717,2121.486,3
35.825018361,35.827145203,2121.454,2126.842,3
35.845018574,35.847138995,2114.717,2120.421,3
35.865018273,35.867138074,2114.319,2119.801,3
35.885018185,35.887145356,2121.434,2127.171,3
35.905018671,35.907139944,2115.712,2121.273,3
35.92501849,35.927138768,2114.737,2120.278,3
35.945018597,35.947146444,2122.198,2127.847,3
35.965018569,35.967139861,2115.751,2121.292,3
35.985018425,35.987138907,2114.857,2120.482,3
36.185018731,36.18714005,2115.759,2121.319,3
36.20501855,36.207140356,2116.117,2121.806,3
36.22501868,36.227146444,2122.139,2127.764,3
36.245018634,36.247140837,2116.689,2122.203,3
36.265018671,36.267140425,2116.088,2121.754,3
36.285018337,36.287146055,2121.908,2127.718,3
36.305018416,36.307139518,2115.638,2121.102,3
36.325019152,36.327140537,2115.714,2121.385,3
36.345018648,36.347147046,2122.709,2128.398,3
36.365019129,36.367140902,2115.953,2121.773,3
36.385018768,36.387140439,2115.892,2121.671,3
36.405018328,36.407145259,2121.034,2126.931,3
36.425018611,36.427139157,2114.907,2120.546,3
36.445018569,36.447139458,2115.292,2120.889,3
36.465021629,36.467148726,2121.269,2127.097,3
36.485018532,36.487139504,2115.323,2120.972,3
36.505018226,36.507138782,2115.125,2120.556,3
36.525018768,36.527140296,2115.81,2121.528,3
36.545018699,36.547139148,2114.944,2120.449,3
36.765018217,36.767139999,2116.023,2121.782,3
36.785018574,36.78714312,2118.672,2124.546,3
36.805019208,36.807140125,2115.139,2120.917,3
36.825018796,36.827140675,2116.074,2121.879,3
36.84501874,36.847140236,2115.884,2121.496,3
36.865018324,36.867146097,2122.013,2127.773,3
36.885018796,36.887139861,2115.491,2121.065,3
36.905018712,36.907139842,2115.547,2121.13,3
36.925018754,36.927146611,2122.075,2127.857,3
36.945018703,36.947139782,2115.437,2121.079,3
36.965019162,36.967140787,2115.861,2121.625,3
36.985018217,36.987145773,2121.746,2127.556,3
37.005018847,37.007139328,2114.903,2120.481,3
37.025018435,37.027139189,2115.013,2120.754,3
37.045018467,37.047145541,2121.329,2127.074,3
37.0650183,37.067140018,2116.196,2121.718,3
37.085018652,37.087139407,2115.13,2120.755,3
37.105018375,37.107145342,2121.384,2126.967,3
37.125018472,37.127140393,2116.259,2121.921,3
37.325018893,37.327140712,2115.981,2121.819,3
37.345018768,37.347147231,2122.473,2128.463,3
37.36501918,37.367140671,2115.802,2121.491,3
37.385018629,37.387139314,2115.175,2120.685,3
37.405018643,37.407146962,2122.255,2128.319,3
37.425018416,37.427139611,2115.704,2121.195,3
37.445018731,37.4471403,2115.861,2121.569,3
37.465018449,37.467145884,2121.667,2127.435,3
37.485021675,37.487146421,2119.023,2124.746,3
37.505019018,37.507140226,2115.504,2121.208,3
37.525018754,37.52714605,2121.541,2127.296,3
37.545019291,37.54714055,2115.731,2121.259,3
37.565018375,37.567139046,2115.087,2120.671,3
37.585018166,37.587145819,2121.815,2127.653,3
37.605018791,37.607139365,2115.065,2120.574,3
37.625018388,37.627139523,2115.765,2121.135,3
37.645018532,37.647146009,2121.653,2127.477,3
37.665019027,37.667140273,2115.515,2121.246,3
37.685018504,37.687140046,2116.162,2121.542,3
37.885018703,37.88714705,2122.472,2128.347,3
37.905018902,37.90714024,2115.519,2121.338,3
37.925018449,37.927139907,2115.913,2121.458,3
37.945018587,37.947146449,2121.992,2127.862,3
37.965019009,37.967140666,2115.912,2121.657,3
37.985019004,37.987140884,2116.176,2121.88,3
38.005018717,38.00714643,2121.963,2127.713,3
38.025018722,38.027140041,2115.898,2121.319,3
38.045018222,38.047139199,2115.491,2120.977,3
38.065018652,38.067139837,2115.546,2121.185,3
38.085018745,38.087143106,2118.625,2124.361,3
38.105019148,38.107141527,2116.638,2122.379,3
38.125018939,38.127138949,2114.612,2120.01,3
38.145018546,38.1471393,2115.166,2120.754,3
45.505018393,45.505138319,119.926,119.926,1
45.515019268,45.515139208,119.94,119.94,1
45.525018504,45.525138023,119.519,119.519,1
45.535018666,45.535138171,119.505,119.505,1
45.545018231,45.545137865,119.634,119.634,1
45.555018388,45.555138199,119.811,119.811,1
45.5650193,45.565139541,120.241,120.241,1
45.575018865,45.575138921,120.056,120.056,1
45.585018574,45.585138865,120.291,120.291,1
45.595019217,45.595139472,120.255,120.255,1
45.605018453,45.605138995,120.542,120.542,1
45.615018884,45.615139027,120.143,120.143,1
45.625018666,45.625138916,120.25,120.25,1
45.635018837,45.635138759,119.922,119.922,1
45.645021333,45.645141351,120.018,120.018,1
45.655018375,45.65513781,119.435,119.435,1
45.665018833,45.665137995,119.162,119.162,1
45.675018356,45.675138134,119.778,119.778,1
45.685018847,45.685138828,119.981,119.981,1
45.695018296,45.6951385,120.204,120.204,1
45.705018611,45.705138231,119.62,119.62,1
45.715018731,45.71513881,120.079,120.079,1
45.725018541,45.725137625,119.084,119.084,1
45.735019101,45.735138814,119.713,119.713,1
45.935018291,45.935138421,120.13,120.13,1
45.945018393,45.945138134,119.741,119.741,1
45.955018458,45.955137935,119.477,119.477,1
45.9650188,45.965139412,120.612,120.612,1
45.975018888,45.975138564,119.676,119.676,1
45.985018916,45.985145101,126.185,126.185,1
45.995018175,45.995138087,119.912,119.912,1
46.005018555,46.005138611,120.056,120.056,1
46.015018824,46.015138666,119.842,119.842,1
46.025018527,46.025138444,119.917,119.917,1
46.035018828,46.035138388,119.56,119.56,1
46.045019018,46.045138574,119.556,119.556,1
46.055018449,46.055138314,119.865,119.865,1
46.065018407,46.065138115,119.708,119.708,1
46.075018962,46.075138745,119.783,119.783,1
46.085018777,46.085138245,119.468,119.468,1
46.095018398,46.095137722,119.324,119.324,1
46.105019064,46.105138592,119.528,119.528,1
46.115018351,46.115137634,119.283,119.283,1
46.125018685,46.125138124,119.439,119.439,1
46.135018523,46.135137935,119.412,119.412,1
46.145018476,46.145138384,119.908,119.908,1
46.155021944,46.155141967,120.023,120.023,1
46.165018499,46.165137787,119.288,119.288,1
46.365018722,46.365138666,119.944,119.944,1
46.375018861,46.375139199,120.338,120.338,1
46.385018675,46.385138449,119.774,119.774,1
46.395018953,46.395138953,120.0,120.0,1
46.40501874,46.40513843,119.69,119.69,1
46.415018555,46.415145462,126.907,126.907,1
46.425018611,46.425138175,119.564,119.564,1
46.435018819,46.435139402,120.583,120.583,1
46.445019157,46.445139481,120.324,120.324,1
46.45501837,46.455138708,120.338,120.338,1
46.46501875,46.46513912,120.37,120.37,1
46.475018847,46.475139351,120.504,120.504,1
46.485018458,46.485138898,120.44,120.44,1
46.495018398,46.495138916,120.518,120.518,1
46.505019013,46.505138861,119.848,119.848,1
46.51501824,46.515138745,120.505,120.505,1
46.525018763,46.525139208,120.445,120.445,1
46.535018884,46.535145175,126.291,126.291,1
46.545018537,46.545138824,120.287,120.287,1
46.555018875,46.555139523,120.648,120.648,1
46.565018662,46.565138435,119.773,119.773,1
46.575018245,46.575138416,120.171,120.171,1
46.585018398,46.585138837,120.439,120.439,1
46.595018546,46.595138333,119.787,119.787,1
46.795018782,46.795139129,120.347,120.347,1
46.805018356,46.805138615,120.259,120.259,1
46.815018629,46.815138828,120.199,120.199,1
46.825018467,46.825138962,120.495,120.495,1
46.835018865,46.835140421,121.556,121.556,1
46.845019115,46.845139814,120.699,120.699,1
46.855018532,46.855139365,120.833,120.833,1
46.865018532,46.86513825,119.718,119.718,1
46.875018717,46.875139171,120.454,120.454,1
46.885018287,46.885138921,120.634,120.634,1
46.895018291,46.895138453,120.162,120.162,1
46.905019,46.905139171,120.171,120.171,1
46.915018407,46.915138865,120.458,120.458,1
46.925018662,46.925139273,120.611,120.611,1
46.935018699,46.935139796,121.097,121.097,1
46.945018861,46.945139282,120.421,120.421,1
46.955018953,46.955139398,120.445,120.445,1
46.965018564,46.965139097,120.533,120.533,1
46.975018476,46.97513924,120.764,120.764,1
46.985018912,46.985139888,120.976,120.976,1
46.995018476,46.995139296,120.82,120.82,1
47.005018689,47.005138791,120.102,120.102,1
47.015018939,47.015138777,119.838,119.838,1
47.025018462,47.0251388,120.338,120.338,1
47.215018675,47.215139833,121.158,121.158,1
47.225018634,47.225139217,120.583,120.583,1
47.235018574,47.235139046,120.472,120.472,1
47.245018523,47.245139212,120.689,120.689,1
47.255018541,47.255138444,119.903,119.903,1
47.265018472,47.265146324,127.852,127.852,1
47.275018726,47.275139652,120.926,120.926,1
47.285018273,47.285138898,120.625,120.625,1
47.29501849,47.295138324,119.834,119.834,1
47.305018824,47.305139263,120.439,120.439,1
47.315018736,47.315139245,120.509,120.509,1
47.325018606,47.325145726,127.12,127.12,1
47.335018763,47.33513931,120.547,120.547,1
47.345019018,47.345140097,121.079,121.079,1
47.355018865,47.355139541,120.676,120.676,1
47.365018449,47.365138393,119.944,119.944,1
47.37501856,47.375138587,120.027,120.027,1
47.385018629,47.385138689,120.06,120.06,1
47.395018365,47.395138259,119.894,119.894,1
47.405018606,47.405138166,119.56,119.56,1
47.415018421,47.415138888,120.467,120.467,1
47.42501849,47.425138643,120.153,120.153,1
47.435018708,47.435139152,120.444,120.444,1
47.445018569,47.445138731,120.162,120.162,1
47.455018375,47.455138402,120.027,120.027,1
47.645018819,47.645139814,120.995,120.995,1
47.655018564,47.655138638,120.074,120.074,1
47.665018578,47.665138722,120.144,120.144,1
47.675019148,47.67514024,121.092,121.092,1
47.685022175,47.685148791,126.616,126.616,1
47.69501868,47.695139268,120.588,120.588,1
47.705018611,47.705139041,120.43,120.43,1
47.715019143,47.715139884,120.741,120.741,1
47.725018407,47.725138842,120.435,120.435,1
47.73501881,47.735139583,120.773,120.773,1
47.7450188,47.74513925,120.45,120.45,1
47.755018694,47.755138949,120.255,120.255,1
47.765018509,47.765139009,120.5,120.5,1
47.775018731,47.775138546,119.815,119.815,1
47.785018282,47.785138694,120.412,120.412,1
47.795018541,47.795138564,120.023,120.023,1
47.805018935,47.805138763,119.828,119.828,1
47.815018462,47.815138541,120.079,120.079,1
47.825018578,47.825139055,120.477,120.477,1
47.835018648,47.835138726,120.078,120.078,1
47.845018365,47.845138083,119.718,119.718,1
47.855018967,47.855139518,120.551,120.551,1
47.865019027,47.865139217,120.19,120.19,1
47.875018074,47.875137962,119.888,119.888,1
48.065018736,48.065139111,120.375,120.375,1
48.075018495,48.075138513,120.018,120.018,1
48.08501868,48.085139546,120.866,120.866,1
48.095019162,48.095139685,120.523,120.523,1
48.105018763,48.105139277,120.514,120.514,1
48.115019069,48.115139833,120.764,120.764,1
48.125018893,48.125139231,120.338,120.338,1
48.135018953,48.135139425,120.472,120.472,1
48.145019129,48.145140402,121.273,121.273,1
48.155019106,48.155139944,120.838,120.838,1
48.165018587,48.165138185,119.598,119.598,1
48.175018847,48.175138476,119.629,119.629,1
48.18501874,48.185139277,120.537,120.537,1
48.19502112,48.195141847,120.727,120.727,1
48.205018375,48.205138898,120.523,120.523,1
48.215019,48.215138902,119.902,119.902,1
48.225018157,48.225138495,120.338,120.338,1
48.23501868,48.235138583,119.903,119.903,1
48.245018592,48.245139166,120.574,120.574,1
48.255018699,48.255139893,121.194,121.194,1
48.265019574,48.265140199,120.625,120.625,1
48.275018453,48.275137921,119.468,119.468,1
48.285018481,48.285138638,120.157,120.157,1
48.295018958,48.295139347,120.389,120.389,1
48.485018458,48.485139027,120.569,120.569,1
48.495018967,48.495139879,120.912,120.912,1
48.505018324,48.505145634,127.31,127.31,1
48.515018837,48.515139162,120.325,120.325,1
48.525018444,48.525138921,120.477,120.477,1
48.535018726,48.535138912,120.186,120.186,1
48.545018643,48.54513937,120.727,120.727,1
48.555018787,48.555139842,121.055,121.055,1
48.565019004,48.565139,119.996,119.996,1
48.575018194,48.575144282,126.088,126.088,1
48.585018342,48.585138453,120.111,120.111,1
48.595018347,48.595138527,120.18,120.18,1
48.605019055,48.605139893,120.838,120.838,1
48.615018657,48.615138805,120.148,120.148,1
48.625018671,48.62513874,120.069,120.069,1
48.635018787,48.63513881,120.023,120.023,1
48.64501874,48.64513974,121.0,121.0,1
48.65501881,48.655139666,120.856,120.856,1
48.665019337,48.665139564,120.227,120.227,1
48.67501918,48.675139333,120.153,120.153,1
48.685018888,48.685139486,120.598,120.598,1
48.69501843,48.695138152,119.722,119.722,1
48.705021365,48.705141425,120.06,120.06,1
48.71501849,48.715138342,119.852,119.852,1
48.725018578,48.725139,120.422,120.422,1
48.915018439,48.915138416,119.977,119.977,1
48.925019097,48.925140027,120.93,120.93,1
48.935018805,48.935139217,120.412,120.412,1
48.945018685,48.945138569,119.884,119.884,1
48.955018782,48.955139523,120.741,120.741,1
48.965018958,48.9651398,120.842,120.842,1
48.975018657,48.975139453,120.796,120.796,1
48.985018657,48.985138111,119.454,119.454,1
48.995018717,48.995144347,125.63,125.63,1
49.005018578,49.005138462,119.884,119.884,1
49.01501855,49.015138402,119.852,119.852,1
49.025018245,49.025138958,120.713,120.713,1
49.035018708,49.035139217,120.509,120.509,1
49.045019138,49.045139907,120.769,120.769,1
49.055018888,49.055139416,120.528,120.528,1
49.065018847,49.06513918,120.333,120.333,1
49.075019009,49.075139671,120.662,120.662,1
49.085018268,49.085138884,120.616,120.616,1
49.095018666,49.095138333,119.667,119.667,1
49.105018597,49.105139342,120.745,120.745,1
49.115018337,49.115144722,126.385,126.385,1
49.125018597,49.125138375,119.778,119.778,1
49.135018495,49.135138629,120.134,120.134,1
49.14501881,49.145139236,120.426,120.426,1
49.155018504,49.155138587,120.083,120.083,1
49.355018541,49.355139319,120.778,120.778,1
49.365018787,49.365140138,121.351,121.351,1
49.375019064,49.375139703,120.639,120.639,1
49.385018356,49.385138217,119.861,119.861,1
49.395018569,49.39513875,120.181,120.181,1
49.405018634,49.405138847,120.213,120.213,1
49.415018865,49.415139379,120.514,120.514,1
49.425018699,49.425139129,120.43,120.43,1
49.435018754,49.435138953,120.199,120.199,1
49.445018523,49.445138657,120.134,120.134,1
49.455019129,49.455140069,120.94,120.94,1
49.465018689,49.465139189,120.5,120.5,1
49.475018888,49.475139675,120.787,120.787,1
49.48501856,49.485138597,120.037,120.037,1
49.495018689,49.495138694,120.005,120.005,1
49.505018611,49.505138685,120.074,120.074,1
49.515018967,49.515139277,120.31,120.31,1
49.525018467,49.525138662,120.195,120.195,1
49.535018722,49.535138657,119.935,119.935,1
49.545018782,49.545138675,119.893,119.893,1
49.555018513,49.555139023,120.51,120.51,1
49.56501849,49.565138699,120.209,120.209,1
49.575018666,49.575138731,120.065,120.065,1
49.585018115,49.585138481,120.366,120.366,1
49.775018412,49.77513875,120.338,120.338,1
49.785018439,49.785138805,120.366,120.366,1
49.795018763,49.795139902,121.139,121.139,1
49.805018805,49.80513949,120.685,120.685,1
49.815018574,49.81514543,126.856,126.856,1
49.825018907,49.825139337,120.43,120.43,1
49.835018685,49.835139685,121.0,121.0,1
49.845018893,49.845139398,120.505,120.505,1
49.855018282,49.855138916,120.634,120.634,1
49.865018861,49.865139634,120.773,120.773,1
49.875018995,49.875139273,120.278,120.278,1
49.885018518,49.885139023,120.505,120.505,1
49.895018606,49.895139157,120.551,120.551,1
49.905018731,49.905139166,120.435,120.435,1
49.9150185,49.915138976,120.476,120.476,1
49.925018583,49.925138851,120.268,120.268,1
49.935018722,49.935138657,119.935,119.935,1
49.945018583,49.945139129,120.546,120.546,1
49.95501825,49.955137833,119.583,119.583,1
49.965018444,49.965138148,119.704,119.704,1
49.975018259,49.975138546,120.287,120.287,1
49.985019087,49.985139666,120.579,120.579,1
49.995018592,49.995139106,120.514,120.514,1
50.005018791,50.005139583,120.792,120.792,1
50.195018944,50.195139532,120.588,120.588,1
50.205018564,50.205139078,120.514,120.514,1
50.215018708,50.215138685,119.977,119.977,1
50.225019236,50.225140828,121.592,121.592,1
50.23502193,50.235142004,120.074,120.074,1
50.245018421,50.245138875,120.454,120.454,1
50.255019018,50.255140125,121.107,121.107,1
50.265018444,50.265138675,120.231,120.231,1
50.275018939,50.275138972,120.033,120.033,1
50.285018875,50.285139162,120.287,120.287,1
50.2950185,50.295139203,120.703,120.703,1
50.305018703,50.305138861,120.158,120.158,1
50.315018675,50.315138384,119.709,119.709,1
50.325018305,50.325138587,120.282,120.282,1
50.335018472,50.335138111,119.639,119.639,1
50.345018305,50.34513812,119.815,119.815,1
50.355018333,50.355138592,120.259,120.259,1
50.365018703,50.365137962,119.259,119.259,1
50.375018601,50.37513893,120.329,120.329,1
50.385018439,50.385138685,120.246,120.246,1
50.395019296,50.39513974,120.444,120.444,1
50.405018611,50.405138856,120.245,120.245,1
50.415018222,50.415138708,120.486,120.486,1
50.425018643,50.425138407,119.764,119.764,1
50.615018458,50.615139013,120.555,120.555,1
50.625018569,50.625139981,121.412,121.412,1
50.63501874,50.635139087,120.347,120.347,1
50.645018648,50.645139148,120.5,120.5,1
50.655018509,50.655138833,120.324,120.324,1
50.665018694,50.665138486,119.792,119.792,1
50.675019,50.675139592,120.592,120.592,1
50.685018583,50.685138981,120.398,120.398,1
50.69501868,50.695138819,120.139,120.139,1
50.70501899,50.705139773,120.783,120.783,1
50.715018106,50.715138708,120.602,120.602,1
50.725018527,50.725138634,120.107,120.107,1
50.735018773,50.735138708,119.935,119.935,1
50.745021643,50.745142787,121.144,121.144,1
50.755019231,50.75513949,120.259,120.259,1
54.666018212,54.666137273,119.061,119.061,1
54.716018134,54.716136763,118.629,118.629,1
54.916019162,54.916138444,119.282,119.282,1
54.966018351,54.966137462,119.111,119.111,1
55.016018657,55.016139212,120.555,120.555,1
55.066018805,55.066138249,119.444,119.444,1
55.116018458,55.116138578,120.12,120.12,1
55.166018064,55.166137773,119.709,119.709,1
55.216018712,55.216138949,120.237,120.237,1
55.266018851,55.266138662,119.811,119.811,1
55.51601855,55.516138351,119.801,119.801,1
55.566019231,55.566138995,119.764,119.764,1
55.616018592,55.6161388,120.208,120.208,1
55.666018555,55.66613893,120.375,120.375,1
55.716018356,55.716138337,119.981,119.981,1
55.766018986,55.766139291,120.305,120.305,1
55.816018231,55.816137986,119.755,119.755,1
56.066018574,56.06613949,120.916,120.916,1
56.116018398,56.116138425,120.027,120.027,1
56.166018569,56.166139148,120.579,120.579,1
56.216018458,56.216138375,119.917,119.917,1
56.266018569,56.26613925,120.681,120.681,1
56.316018638,56.316138574,119.936,119.936,1
56.366018907,56.366139171,120.264,120.264,1
56.416018731,56.416138791,120.06,120.06,1
56.666018837,56.666139472,120.635,120.635,1
56.71601849,56.716138314,119.824,119.824,1
56.766018671,56.766138708,120.037,120.037,1
56.816018625,56.816138254,119.629,119.629,1
56.866018569,56.866138763,120.194,120.194,1
56.91601868,56.916138726,120.046,120.046,1
56.966018476,56.966138097,119.621,119.621,1
57.016018333,57.016137875,119.542,119.542,1
57.216018574,57.216139041,120.467,120.467,1
57.266018685,57.266139092,120.407,120.407,1
57.316019185,57.31613937,120.185,120.185,1
57.366018722,57.366138481,119.759,119.759,1
57.416018421,57.416138962,120.541,120.541,1
57.46601849,57.466139018,120.528,120.528,1
57.51601931,57.51614006,120.75,120.75,1
57.566018495,57.566138694,120.199,120.199,1
57.81601887,57.81613981,120.94,120.94,1
57.866018601,57.866138101,119.5,119.5,1
57.916018638,57.916138606,119.968,119.968,1
57.966019199,57.966139523,120.324,120.324,1
65.796018986,65.796139125,120.139,120.139,1
67.796018731,67.796138291,119.56,119.56,1
68.796018601,68.796139087,120.486,120.486,1
69.796018504,69.796138875,120.371,120.371,1
70.796018597,70.796139226,120.629,120.629,1
71.79601824,71.79613824,120.0,120.0,1
72.796018828,72.796139291,120.463,120.463,1
74.796018092,74.796138546,120.454,120.454,1
76.79601893,76.796139236,120.306,120.306,1
102.653018537,102.653144111,125.574,125.574,1
102.853018805,102.853138268,119.463,119.463,1
102.953018416,102.95313818,119.764,119.764,1
103.053018231,103.053137171,118.94,118.94,1
103.153018888,103.153137995,119.107,119.107,1
103.253018208,103.253144129,125.921,125.921,1
103.553018537,103.553139055,120.518,120.518,1
103.653018439,103.653138703,120.264,120.264,1
103.75301887,103.753139476,120.606,120.606,1
103.853018541,103.853139,120.459,120.459,1
104.153019046,104.153139,119.954,119.954,1
104.253018625,104.2531388,120.175,120.175,1
104.353018476,104.353138708,120.232,120.232,1
104.453018907,104.45313974,120.833,120.833,1
104.753018768,104.753138893,120.125,120.125,1
104.853018768,104.853138199,119.431,119.431,1
104.9530188,104.953138222,119.422,119.422,1
105.053018509,105.053137875,119.366,119.366,1
105.353018763,105.353139412,120.649,120.649,1
105.453018828,105.453139777,120.949,120.949,1
105.553018555,105.553137875,119.32,119.32,1
105.65301849,105.653138074,119.584,119.584,1
105.953019476,105.953139212,119.736,119.736,1
106.053018458,106.05313862,120.162,120.162,1
106.153018689,106.153138875,120.186,120.186,1
106.253018328,106.253138208,119.88,119.88,1
106.353018462,106.353138365,119.903,119.903,1
127.420019157,127.420139263,120.106,120.106,1
127.440018282,127.440138111,119.829,119.829,1
127.460018648,127.460138263,119.615,119.615,1
127.480018759,127.480137597,118.838,118.838,1
127.500021703,127.500140712,119.009,119.009,1
127.520018425,127.520138171,119.746,119.746,1
127.540018939,127.54013856,119.621,119.621,1
127.560018351,127.560137995,119.644,119.644,1
127.580018263,127.580138629,120.366,120.366,1
127.600019013,127.600138337,119.324,119.324,1
127.800018694,127.800138722,120.028,120.028,1
127.820018208,127.820138888,120.68,120.68,1
127.840019009,127.840139282,120.273,120.273,1
127.860018532,127.860138111,119.579,119.579,1
127.8800185,127.880137893,119.393,119.393,1
127.900018726,127.900138041,119.315,119.315,1
127.920018717,127.920138638,119.921,119.921,1
127.940018476,127.940138851,120.375,120.375,1
127.960019013,127.960139217,120.204,120.204,1
127.98001887,127.980139189,120.319,120.319,1
128.000018407,128.000137537,119.13,119.13,1
128.020018629,128.02013799,119.361,119.361,1
128.040018421,128.040137606,119.185,119.185,1
128.060018356,128.060137884,119.528,119.528,1
128.080018532,128.080138166,119.634,119.634,1
128.100018263,128.100137611,119.348,119.348,1
128.300018745,128.30013837,119.625,119.625,1
128.320019018,128.320139337,120.319,120.319,1
128.340018953,128.340139486,120.533,120.533,1
128.360018587,128.360138587,120.0,120.0,1
128.380018967,128.380139398,120.431,120.431,1
128.400018819,128.400138694,119.875,119.875,1
128.420018347,128.420138791,120.444,120.444,1
128.440018726,128.440139532,120.806,120.806,1
128.460018189,128.46013805,119.861,119.861,1
128.480018444,128.480138439,119.995,119.995,1
128.500018629,128.500139069,120.44,120.44,1
128.520021861,128.52014256,120.699,120.699,1
128.540018009,128.540137865,119.856,119.856,1
128.560018875,128.56013943,120.555,120.555,1
128.580018425,128.58013887,120.445,120.445,1
128.600018657,128.600139375,120.718,120.718,1
128.620018694,128.62013862,119.926,119.926,1
128.840018462,128.840138898,120.436,120.436,1
128.86001855,128.860138638,120.088,120.088,1
128.880018814,128.88013962,120.806,120.806,1
128.90001868,128.900138509,119.829,119.829,1
128.920018791,128.920145509,126.718,126.718,1
128.940018592,128.940139134,120.542,120.542,1
128.960018782,128.9601395,120.718,120.718,1
128.980018995,128.980138953,119.958,119.958,1
129.000018611,129.000138921,120.31,120.31,1
129.020018462,129.02013881,120.348,120.348,1
129.040018726,129.040139152,120.426,120.426,1
129.060018773,129.060138717,119.944,119.944,1
129.080018976,129.080139328,120.352,120.352,1
129.10001862,129.100144703,126.083,126.083,1
129.120018796,129.120138703,119.907,119.907,1
129.140018347,129.140137925,119.578,119.578,1
129.1600188,129.160138814,120.014,120.014,1
129.180018666,129.180138435,119.769,119.769,1
129.380018754,129.380139541,120.787,120.787,1
129.400019148,129.400139277,120.129,120.129,1
129.420017962,129.420138722,120.76,120.76,1
129.440018375,129.440138625,120.25,120.25,1
129.460018643,129.46013943,120.787,120.787,1
129.480018398,129.480139111,120.713,120.713,1
129.500018717,129.500139106,120.389,120.389,1
129.520018953,129.520139657,120.704,120.704,1
129.540022,129.540142504,120.504,120.504,1
129.560018699,129.560138824,120.125,120.125,1
129.580018814,129.580139356,120.542,120.542,1
129.600018527,129.600138712,120.185,120.185,1
129.620017953,129.620138046,120.093,120.093,1
129.640018851,129.64013899,120.139,120.139,1
129.660018814,129.660139263,120.449,120.449,1
129.680018703,129.680138587,119.884,119.884,1
129.700018578,129.700145069,126.491,126.491,1
129.720018754,129.720138291,119.537,119.537,1
129.920018851,129.920139717,120.866,120.866,1
129.940018833,129.940139092,120.259,120.259,1
129.96001893,129.960139231,120.301,120.301,1
129.980018828,129.980139435,120.607,120.607,1
130.000018833,130.000139074,120.241,120.241,1
130.020018578,130.020138601,120.023,120.023,1
130.040018569,130.04014012,121.551,121.551,1
130.060019106,130.060139458,120.352,120.352,1
130.080018916,130.080139453,120.537,120.537,1
130.100018865,130.100139365,120.5,120.5,1
130.120018597,130.120139273,120.676,120.676,1
130.140018175,130.140138768,120.593,120.593,1
130.160018356,130.160139287,120.931,120.931,1
130.180018851,130.180139231,120.38,120.38,1
130.200018421,130.200138291,119.87,119.87,1
130.2200188,130.220139606,120.806,120.806,1
130.240018601,130.240138152,119.551,119.551,1
130.440018763,130.440139694,120.931,120.931,1
130.460018435,130.460139268,120.833,120.833,1
130.480018787,130.480139449,120.662,120.662,1
130.500018648,130.500138865,120.217,120.217,1
130.520018722,130.520140157,121.435,121.435,1
130.540018435,130.540139004,120.569,120.569,1
130.560021736,130.56014206,120.324,120.324,1
130.58001881,130.580138972,120.162,120.162,1
130.600019125,130.600139569,120.444,120.444,1
130.620018462,130.620139333,120.871,120.871,1
130.640019,130.640139513,120.513,120.513,1
130.66001874,130.660139194,120.454,120.454,1
130.680018555,130.6801393,120.745,120.745,1
130.700018726,130.700138865,120.139,120.139,1
130.720018944,130.720138722,119.778,119.778,1
130.740018402,130.740138699,120.297,120.297,1
130.760018282,130.760139115,120.833,120.833,1
130.980018296,130.980138476,120.18,120.18,1
131.000018694,131.000139254,120.56,120.56,1
131.020019212,131.020139768,120.556,120.556,1
131.040018703,131.040139356,120.653,120.653,1
131.060018407,131.060138847,120.44,120.44,1
131.080019217,131.080139986,120.769,120.769,1
131.100018847,131.100139699,120.852,120.852,1
131.120018314,131.120137935,119.621,119.621,1
131.140018921,131.140140055,121.134,121.134,1
131.160018648,131.160138893,120.245,120.245,1
131.180018435,131.180139888,121.453,121.453,1
131.200018685,131.200138726,120.041,120.041,1
131.220018712,131.220138967,120.255,120.255,1
131.240018731,131.240139226,120.495,120.495,1
131.260018583,131.260138476,119.893,119.893,1
131.280018481,131.280138425,119.944,119.944,1
131.300018578,131.300138273,119.695,119.695,1
131.320018643,131.320139398,120.755,120.755,1
131.520018953,131.520138884,119.931,119.931,1
131.540018592,131.540138777,120.185,120.185,1
131.560019314,131.560140486,121.172,121.172,1
131.580021884,131.580142675,120.791,120.791,1
131.600018611,131.600139069,120.458,120.458,1
131.620019087,131.620139328,120.241,120.241,1
131.640018634,131.640138796,120.162,120.162,1
131.660018291,131.660138189,119.898,119.898,1
131.680018773,131.680138592,119.819,119.819,1
131.700018787,131.700138629,119.842,119.842,1
131.72001849,131.720138421,119.931,119.931,1
131.740019004,131.74013955,120.546,120.546,1
131.760018425,131.760138592,120.167,120.167,1
131.780018856,131.780139226,120.37,120.37,1
131.800018439,131.800144916,126.477,126.477,1
131.820018305,131.820138013,119.708,119.708,1
131.840018615,131.840139379,120.764,120.764,1
132.040019138,132.040139462,120.324,120.324,1
132.060018611,132.060139305,120.694,120.694,1
132.080019333,132.080140009,120.676,120.676,1
138.219018509,138.219137796,119.287,119.287,1
138.619018657,138.619138092,119.435,119.435,1
138.81901881,138.819137962,119.152,119.152,1
139.219018513,139.219137986,119.473,119.473,1
139.41901862,139.419146449,127.829,127.829,1
139.819018583,139.819137967,119.384,119.384,1
140.019018569,140.019144958,126.389,126.389,1
140.419019351,140.419139912,120.561,120.561,1
140.619018851,140.619138601,119.75,119.75,1
140.819018606,140.819138884,120.278,120.278,1
141.019019314,141.019139342,120.028,120.028,1
