isr_event,isr_start_us,enqueue_event,enqueue_us,queue_id,receive_event,receive_us,recorded_isr_to_receive_us,queue_wait_to_receive_us,tx_enqueue_event,tx_enqueue_us,recorded_isr_to_tx_queue_us
174422,1245299.625,174423,1245315.111111111,14704,174427,1245350.0416666667,50.41666666674428,34.930555555736646,174428,1245451.263888889,151.63888888899237
175644,2105326.6018518517,175645,2105342.125,14704,175649,2105376.902777778,50.300925926305354,34.77777777798474,175650,2105478.282407407,151.68055555550382
176854,2960607.888888889,176855,2960623.347222222,14704,176862,2960872.513888889,264.625,249.1666666669771,176863,2960976.486111111,368.59722222201526
177118,3134937.8657407407,177119,3134953.407407407,14704,177123,3134987.8518518517,49.98611111100763,34.444444444496185,177124,3135091.2314814813,153.36574074067175
179406,4759535.726851852,179407,4759551.138888889,14704,179414,4760885.861111111,1350.1342592593282,1334.7222222220153,179415,4760978.62037037,1442.8935185186565
181800,6459473.490740741,181801,6459488.740740741,14704,181808,6460882.49537037,1409.0046296296641,1393.7546296296641,181809,6460974.981481481,1501.4907407406718
182064,6636572.402777778,182065,6636587.703703703,14704,182069,6636622.898148148,50.49537037033588,35.194444444961846,182070,6636725.601851852,153.19907407369465
182320,6803789.597222222,182321,6803805.125,14704,182325,6803840.231481481,50.634259259328246,35.10648148134351,182326,6803940.634259259,151.03703703731298
182562,6964520.37962963,182563,6964535.694444444,14704,182567,6964569.898148148,49.51851851865649,34.20370370429009,182568,6964672.407407408,152.02777777798474
182818,7132700.537037037,182819,7132716.041666667,14704,182823,7132751.305555556,50.76851851865649,35.26388888899237,182824,7132851.518518519,150.9814814813435
184936,8636858.25925926,184937,8636874.046296297,14704,184941,8636909.166666666,50.90740740671754,35.120370369404554,184942,8637009.893518519,151.63425925932825
185248,8842870.018518519,185249,8842885.296296297,14704,185253,8842919.925925925,49.90740740671754,34.6296296287328,185254,8843021.324074075,151.30555555596948
187949,10761472.902777778,187950,10761487.870370371,14704,187954,10761525.560185185,52.65740740671754,37.68981481343508,187956,10761640.902777778,168.0
188234,10955329.152777778,188235,10955344.550925925,14704,188239,10955379.847222222,50.69444444403052,35.29629629664123,188240,10955481.430555556,152.27777777798474
188490,11122255.361111112,188491,11122270.810185185,14704,188495,11122305.546296297,50.18518518470228,34.73611111193895,188496,11122406.606481481,151.24537036940455
188706,11270450.013888888,188707,11270465.550925925,14704,188714,11270884.685185185,434.67129629664123,419.13425925932825,188715,11270976.787037037,526.7731481492519
188942,11424449.171296297,188943,11424464.583333334,14704,188947,11424499.74074074,50.56944444403052,35.15740740671754,188948,11424600.694444444,151.5231481473893
189170,11576335.189814815,189171,11576350.796296297,14704,189175,11576386.069444444,50.8796296287328,35.27314814738929,189176,11576486.842592593,151.65277777798474
189414,11739567.842592593,189415,11739583.527777778,14704,189422,11740885.782407407,1317.939814813435,1302.2546296287328,189423,11740978.625,1410.7824074067175
189664,11904988.273148147,189665,11905003.833333334,14704,189669,11905039.111111112,50.83796296454966,35.27777777798474,189670,11905142.333333334,154.06018518656492
