start_event,end_event,uart_runs,button_irqs
96515,96529,2,0
96529,96543,2,0
96543,96557,2,0
96557,96571,2,0
96571,96585,2,0
96585,96599,2,0
96599,96613,2,0
96613,96627,2,0
96627,96641,2,0
96641,96655,2,0
96655,96669,2,0
96669,96683,2,0
96683,96697,2,0
96697,96711,2,0
96711,96725,2,0
96725,96739,2,0
96739,96753,2,0
96753,96767,2,0
96767,96781,2,0
96781,96795,2,0
96795,96809,2,0
96809,96823,2,0
96823,96837,2,0
96837,96851,2,0
96851,96865,2,0
96865,96879,2,0
96879,96893,2,0
96893,96907,2,0
96907,96921,2,0
96921,96935,2,0
96935,96949,2,0
96949,96963,2,0
96963,96977,2,0
96977,96991,2,0
96991,97005,2,0
97005,97019,2,0
97019,97033,2,0
97033,97047,2,0
97047,97061,2,0
97061,97075,2,0
97075,97089,2,0
97089,97103,2,0
97103,97117,2,0
97117,97131,2,0
97131,97145,2,0
97145,97159,2,0
97159,97173,2,0
97173,97187,2,0
97187,97201,2,0
97201,97215,2,0
97215,97229,2,0
97229,97243,2,0
97243,97257,2,0
97257,97271,2,0
97271,97285,2,0
97285,97299,2,0
97299,97313,2,0
97313,97327,2,0
97327,97341,2,0
97341,97355,2,0
97355,97369,2,0
97369,97383,2,0
97383,97397,2,0
97397,97411,2,0
97411,97425,2,0
97425,97439,2,0
97439,97453,2,0
97453,97467,2,0
97467,97481,2,0
97481,97495,2,0
97495,97509,2,0
97509,97523,2,0
97523,97537,2,0
97537,97551,2,0
97551,97565,2,0
97565,97579,2,0
97579,97593,2,0
97593,97607,2,0
97607,97621,2,0
97621,97635,2,0
97635,97649,2,0
97649,97663,2,0
97663,97677,2,0
97677,97691,2,0
97691,97705,2,0
97705,97719,2,0
97719,97733,2,0
97733,97747,2,0
97747,97761,2,0
97761,97775,2,0
97775,97789,2,0
97789,97803,2,0
97803,97817,2,0
97817,97831,2,0
97831,97845,2,0
97845,97859,2,0
97859,97873,2,0
97873,97887,2,0
97887,97901,2,0
97901,97915,2,0
97915,97929,2,0
97929,97943,2,0
97943,97957,2,0
97957,97971,2,0
97971,97985,2,0
97985,97999,2,0
97999,98013,2,0
98013,98027,2,0
98027,98041,2,0
98041,98055,2,0
98055,98069,2,0
98069,98083,2,0
98083,98097,2,0
98097,98111,2,0
98111,98125,2,0
98125,98139,2,0
98139,98153,2,0
98153,98167,2,0
98167,98181,2,0
98181,98195,2,0
98195,98209,2,0
98209,98223,2,0
98223,98237,2,0
98237,98251,2,0
98251,98265,2,0
98265,98279,2,0
98279,98293,2,0
98293,98307,2,0
98307,98321,2,0
98321,98335,2,0
98335,98349,2,0
98349,98363,2,0
98363,98377,2,0
98377,98391,2,0
98391,98405,2,0
98405,98419,2,0
98419,98433,2,0
98433,98447,2,0
98447,98461,2,0
98461,98475,2,0
98475,98489,2,0
98489,98503,2,0
98503,98517,2,0
98517,98531,2,0
98531,98545,2,0
98545,98559,2,0
98559,98573,2,0
98573,98587,2,0
98587,98601,2,0
98601,98615,2,0
98615,98629,2,0
98629,98643,2,0
98643,98657,2,0
98657,98671,2,0
98671,98685,2,0
98685,98699,2,0
98699,98713,2,0
98713,98727,2,0
98727,98741,2,0
98741,98755,2,0
98755,98769,2,0
98769,98783,2,0
98783,98797,2,0
98797,98811,2,0
98811,98825,2,0
98825,98839,2,0
98839,98853,2,0
98853,98871,2,1
98871,98895,3,0
98895,98909,2,0
98909,98923,2,0
98923,98937,2,0
98937,98951,2,0
98951,98965,2,0
98965,98979,2,0
98979,98993,2,0
98993,99007,2,0
99007,99021,2,0
99021,99035,2,0
99035,99049,2,0
99049,99063,2,0
99063,99077,2,0
99077,99091,2,0
99091,99105,2,0
99105,99119,2,0
99119,99133,2,0
99133,99147,2,0
99147,99161,2,0
99161,99175,2,0
99175,99189,2,0
99189,99203,2,0
99203,99217,2,0
99217,99231,2,0
99231,99245,2,0
99245,99259,2,0
99259,99273,2,0
99273,99287,2,0
99287,99301,2,0
99301,99315,2,0
99315,99329,2,0
99329,99343,2,0
99343,99357,2,0
99357,99371,2,0
99371,99385,2,0
99385,99399,2,0
99399,99413,2,0
99413,99427,2,0
99427,99441,2,0
99441,99455,2,0
99455,99469,2,0
99469,99483,2,0
99483,99497,2,0
99497,99511,2,0
99511,99525,2,0
99525,99539,2,0
99539,99553,2,0
99553,99567,2,0
99567,99581,2,0
99581,99595,2,0
99595,99609,2,0
99609,99623,2,0
99623,99637,2,0
99637,99651,2,0
99651,99665,2,0
99665,99679,2,0
99679,99693,2,0
99693,99707,2,0
99707,99721,2,0
99721,99735,2,0
99735,99749,2,0
99749,99763,2,0
99763,99777,2,0
99777,99791,2,0
99791,99805,2,0
99805,99819,2,0
99819,99833,2,0
99833,99847,2,0
99847,99861,2,0
99861,99875,2,0
99875,99889,2,0
99889,99903,2,0
99903,99917,2,0
99917,99931,2,0
99931,99960,3,1
99960,99974,2,0
99974,99988,2,0
99988,100002,2,0
100002,100016,2,0
100016,100030,2,0
100030,100044,2,0
100044,100058,2,0
100058,100072,2,0
100072,100086,2,0
100086,100100,2,0
100100,100114,2,0
100114,100128,2,0
100128,100142,2,0
100142,100156,2,0
100156,100170,2,0
100170,100184,2,0
100184,100198,2,0
100198,100212,2,0
100212,100226,2,0
100226,100240,2,0
100240,100254,2,0
100254,100268,2,0
100268,100282,2,0
100282,100296,2,0
100296,100310,2,0
100310,100324,2,0
100324,100338,2,0
100338,100352,2,0
100352,100366,2,0
100366,100380,2,0
100380,100394,2,0
100394,100408,2,0
100408,100422,2,0
100422,100436,2,0
100436,100450,2,0
100450,100464,2,0
100464,100478,2,0
100478,100492,2,0
100492,100506,2,0
100506,100520,2,0
100520,100534,2,0
100534,100548,2,0
100548,100562,2,0
100562,100576,2,0
100576,100590,2,0
100590,100604,2,0
100604,100618,2,0
100618,100632,2,0
100632,100646,2,0
100646,100660,2,0
100660,100674,2,0
100674,100688,2,0
100688,100702,2,0
100702,100716,2,0
100716,100730,2,0
100730,100744,2,0
100744,100758,2,0
100758,100772,2,0
100772,100786,2,0
100786,100800,2,0
100800,100814,2,0
100814,100828,2,0
100828,100842,2,0
100842,100856,2,0
100856,100870,2,0
100870,100884,2,0
100884,100898,2,0
100898,100912,2,0
100912,100926,2,0
100926,100940,2,0
100940,100954,2,0
100954,100968,2,0
100968,100982,2,0
100982,101010,3,1
101010,101024,2,0
101024,101038,2,0
101038,101052,2,0
101052,101066,2,0
101066,101080,2,0
101080,101094,2,0
101094,101108,2,0
101108,101122,2,0
101122,101136,2,0
101136,101150,2,0
101150,101164,2,0
101164,101178,2,0
101178,101192,2,0
101192,101206,2,0
101206,101220,2,0
101220,101234,2,0
101234,101248,2,0
101248,101262,2,0
101262,101276,2,0
101276,101290,2,0
101290,101304,2,0
101304,101318,2,0
101318,101332,2,0
101332,101346,2,0
101346,101360,2,0
101360,101374,2,0
101374,101388,2,0
101388,101402,2,0
101402,101416,2,0
101416,101430,2,0
101430,101444,2,0
101444,101458,2,0
101458,101472,2,0
101472,101486,2,0
101486,101500,2,0
101500,101514,2,0
101514,101528,2,0
101528,101542,2,0
101542,101556,2,0
101556,101570,2,0
101570,101584,2,0
101584,101598,2,0
101598,101612,2,0
101612,101626,2,0
101626,101640,2,0
101640,101654,2,0
101654,101668,2,0
101668,101682,2,0
101682,101696,2,0
101696,101710,2,0
101710,101724,2,0
101724,101738,2,0
101738,101752,2,0
101752,101766,2,0
101766,101780,2,0
101780,101794,2,0
101794,101808,2,0
101808,101822,2,0
101822,101836,2,0
101836,101850,2,0
101850,101864,2,0
101864,101878,2,0
101878,101892,2,0
101892,101906,2,0
101906,101920,2,0
101920,101934,2,0
101934,101948,2,0
101948,101962,2,0
101962,101976,2,0
101976,101990,2,0
101990,102004,2,0
102004,102032,3,1
102032,102046,2,0
102046,102060,2,0
102060,102074,2,0
102074,102088,2,0
102088,102102,2,0
102102,102116,2,0
102116,102130,2,0
102130,102144,2,0
102144,102158,2,0
102158,102172,2,0
102172,102186,2,0
102186,102200,2,0
102200,102214,2,0
102214,102228,2,0
102228,102242,2,0
102242,102256,2,0
102256,102270,2,0
102270,102284,2,0
102284,102298,2,0
102298,102312,2,0
102312,102326,2,0
102326,102340,2,0
102340,102354,2,0
102354,102368,2,0
102368,102382,2,0
102382,102396,2,0
102396,102410,2,0
102410,102424,2,0
102424,102438,2,0
102438,102452,2,0
102452,102466,2,0
102466,102480,2,0
102480,102494,2,0
102494,102508,2,0
102508,102522,2,0
102522,102536,2,0
102536,102550,2,0
102550,102564,2,0
102564,102578,2,0
102578,102592,2,0
102592,102606,2,0
102606,102620,2,0
102620,102634,2,0
102634,102648,2,0
102648,102662,2,0
102662,102676,2,0
102676,102690,2,0
102690,102704,2,0
102704,102718,2,0
102718,102732,2,0
102732,102746,2,0
102746,102760,2,0
102760,102774,2,0
102774,102788,2,0
102788,102802,2,0
102802,102816,2,0
102816,102830,2,0
102830,102844,2,0
102844,102858,2,0
102858,102872,2,0
102872,102886,2,0
102886,102900,2,0
102900,102914,2,0
102914,102928,2,0
102928,102942,2,0
102942,102956,2,0
102956,102970,2,0
102970,102984,2,0
102984,102998,2,0
102998,103012,2,0
103012,103026,2,0
103026,103040,2,0
103040,103054,2,0
103054,103068,2,0
103068,103082,2,0
103082,103096,2,0
103096,103110,2,0
103110,103124,2,0
103124,103138,2,0
103138,103152,2,0
103152,103170,2,1
103170,103194,3,0
103194,103208,2,0
103208,103222,2,0
103222,103236,2,0
103236,103250,2,0
103250,103264,2,0
103264,103278,2,0
103278,103292,2,0
103292,103306,2,0
103306,103320,2,0
103320,103334,2,0
103334,103348,2,0
103348,103362,2,0
103362,103376,2,0
103376,103390,2,0
103390,103404,2,0
103404,103418,2,0
103418,103432,2,0
103432,103446,2,0
103446,103460,2,0
103460,103474,2,0
103474,103488,2,0
103488,103502,2,0
103502,103516,2,0
103516,103530,2,0
103530,103544,2,0
103544,103558,2,0
103558,103572,2,0
103572,103586,2,0
103586,103600,2,0
103600,103614,2,0
103614,103628,2,0
103628,103642,2,0
103642,103656,2,0
103656,103670,2,0
103670,103684,2,0
103684,103698,2,0
103698,103712,2,0
103712,103726,2,0
103726,103740,2,0
103740,103754,2,0
103754,103768,2,0
103768,103782,2,0
103782,103796,2,0
103796,103810,2,0
103810,103824,2,0
103824,103838,2,0
103838,103852,2,0
103852,103866,2,0
103866,103880,2,0
103880,103894,2,0
103894,103908,2,0
103908,103922,2,0
103922,103936,2,0
103936,103950,2,0
103950,103964,2,0
103964,103978,2,0
103978,103992,2,0
103992,104006,2,0
104006,104020,2,0
104020,104034,2,0
104034,104048,2,0
104048,104062,2,0
104062,104076,2,0
104076,104090,2,0
104090,104104,2,0
104104,104118,2,0
104118,104132,2,0
104132,104146,2,0
104146,104160,2,0
104160,104174,2,0
104174,104188,2,0
104188,104202,2,0
104202,104216,2,0
104216,104230,2,0
104230,104244,2,0
104244,104262,2,1
104262,104286,3,0
104286,104300,2,0
104300,104314,2,0
104314,104328,2,0
104328,104342,2,0
104342,104356,2,0
104356,104370,2,0
104370,104384,2,0
104384,104398,2,0
104398,104412,2,0
104412,104426,2,0
104426,104440,2,0
104440,104454,2,0
104454,104468,2,0
104468,104482,2,0
104482,104496,2,0
104496,104510,2,0
104510,104524,2,0
104524,104538,2,0
104538,104552,2,0
104552,104584,4,1
104584,104598,2,0
104598,104612,2,0
104612,104626,2,0
104626,104640,2,0
104640,104654,2,0
104654,104668,2,0
104668,104682,2,0
104682,104696,2,0
104696,104710,2,0
104710,104724,2,0
104724,104738,2,0
104738,104752,2,0
104752,104766,2,0
104766,104780,2,0
104780,104794,2,0
104794,104808,2,0
104808,104826,2,1
104826,104850,3,0
104850,104864,2,0
104864,104878,2,0
104878,104892,2,0
104892,104906,2,0
104906,104920,2,0
104920,104934,2,0
104934,104948,2,0
104948,104962,2,0
104962,104976,2,0
104976,104990,2,0
104990,105004,2,0
105004,105018,2,0
105018,105032,2,0
105032,105064,4,1
105064,105078,2,0
105078,105092,2,0
105092,105106,2,0
105106,105120,2,0
105120,105134,2,0
105134,105148,2,0
105148,105162,2,0
105162,105176,2,0
105176,105190,2,0
105190,105204,2,0
105204,105218,2,0
105218,105232,2,0
105232,105246,2,0
105246,105260,2,0
105260,105278,2,1
105278,105302,3,0
105302,105316,2,0
105316,105330,2,0
105330,105344,2,0
105344,105358,2,0
105358,105372,2,0
105372,105386,2,0
105386,105400,2,0
105400,105414,2,0
105414,105428,2,0
105428,105442,2,0
105442,105456,2,0
105456,105470,2,0
105470,105484,2,0
105484,105498,2,0
105498,105512,2,0
105512,105530,2,1
105530,105554,3,0
105554,105568,2,0
105568,105582,2,0
105582,105596,2,0
105596,105610,2,0
105610,105624,2,0
105624,105638,2,0
105638,105652,2,0
105652,105666,2,0
105666,105680,2,0
105680,105694,2,0
105694,105708,2,0
105708,105722,2,0
105722,105736,2,0
105736,105750,2,0
105750,105764,2,0
105764,105778,2,0
105778,105792,2,0
105792,105806,2,0
105806,105820,2,0
105820,105834,2,0
105834,105848,2,0
105848,105862,2,0
105862,105876,2,0
105876,105890,2,0
105890,105904,2,0
105904,105918,2,0
105918,105932,2,0
105932,105946,2,0
105946,105960,2,0
105960,105974,2,0
105974,105988,2,0
105988,106002,2,0
106002,106016,2,0
106016,106030,2,0
106030,106044,2,0
106044,106058,2,0
106058,106072,2,0
106072,106086,2,0
106086,106100,2,0
106100,106114,2,0
106114,106128,2,0
106128,106142,2,0
106142,106156,2,0
106156,106170,2,0
106170,106184,2,0
106184,106198,2,0
106198,106212,2,0
106212,106226,2,0
106226,106240,2,0
106240,106254,2,0
106254,106268,2,0
106268,106282,2,0
106282,106296,2,0
106296,106310,2,0
106310,106324,2,0
106324,106338,2,0
106338,106352,2,0
106352,106366,2,0
106366,106380,2,0
106380,106394,2,0
106394,106408,2,0
106408,106422,2,0
106422,106436,2,0
106436,106450,2,0
106450,106464,2,0
106464,106478,2,0
106478,106492,2,0
106492,106506,2,0
106506,106520,2,0
106520,106534,2,0
106534,106548,2,0
106548,106562,2,0
106562,106576,2,0
106576,106590,2,0
106590,106604,2,0
106604,106618,2,0
106618,106632,2,0
106632,106646,2,0
106646,106660,2,0
106660,106674,2,0
106674,106688,2,0
106688,106702,2,0
106702,106716,2,0
106716,106730,2,0
106730,106744,2,0
106744,106758,2,0
106758,106772,2,0
106772,106786,2,0
106786,106800,2,0
106800,106814,2,0
106814,106828,2,0
106828,106842,2,0
106842,106856,2,0
106856,106870,2,0
106870,106884,2,0
106884,106898,2,0
106898,106912,2,0
106912,106926,2,0
106926,106940,2,0
106940,106954,2,0
106954,106968,2,0
106968,106982,2,0
106982,106996,2,0
106996,107010,2,0
107010,107024,2,0
107024,107038,2,0
107038,107052,2,0
107052,107066,2,0
107066,107080,2,0
107080,107094,2,0
107094,107108,2,0
107108,107122,2,0
107122,107136,2,0
107136,107150,2,0
107150,107164,2,0
107164,107178,2,0
107178,107192,2,0
107192,107206,2,0
107206,107220,2,0
107220,107234,2,0
107234,107248,2,0
107248,107262,2,0
107262,107276,2,0
107276,107290,2,0
107290,107304,2,0
107304,107318,2,0
107318,107332,2,0
107332,107346,2,0
107346,107360,2,0
107360,107374,2,0
107374,107388,2,0
107388,107402,2,0
107402,107416,2,0
107416,107430,2,0
107430,107444,2,0
107444,107458,2,0
107458,107472,2,0
107472,107486,2,0
107486,107500,2,0
107500,107514,2,0
107514,107528,2,0
107528,107542,2,0
107542,107560,2,1
107560,107584,3,0
107584,107598,2,0
107598,107612,2,0
107612,107626,2,0
107626,107640,2,0
107640,107654,2,0
107654,107668,2,0
107668,107682,2,0
107682,107696,2,0
107696,107710,2,0
107710,107724,2,0
107724,107738,2,0
107738,107752,2,0
107752,107766,2,0
107766,107780,2,0
107780,107794,2,0
107794,107826,4,1
107826,107840,2,0
107840,107854,2,0
107854,107868,2,0
107868,107882,2,0
107882,107896,2,0
107896,107910,2,0
107910,107924,2,0
107924,107938,2,0
107938,107952,2,0
107952,107966,2,0
107966,107980,2,0
107980,107994,2,0
107994,108008,2,0
108008,108022,2,0
108022,108036,2,0
108036,108050,2,0
108050,108064,2,0
108064,108078,2,0
108078,108092,2,0
108092,108106,2,0
108106,108120,2,0
108120,108134,2,0
108134,108148,2,0
108148,108162,2,0
108162,108176,2,0
108176,108190,2,0
108190,108204,2,0
108204,108218,2,0
108218,108232,2,0
108232,108246,2,0
108246,108260,2,0
108260,108274,2,0
108274,108288,2,0
108288,108302,2,0
108302,108316,2,0
108316,108330,2,0
108330,108344,2,0
108344,108358,2,0
108358,108372,2,0
108372,108386,2,0
108386,108400,2,0
108400,108414,2,0
108414,108428,2,0
108428,108442,2,0
108442,108456,2,0
108456,108470,2,0
108470,108484,2,0
108484,108498,2,0
108498,108512,2,0
108512,108526,2,0
108526,108540,2,0
108540,108554,2,0
108554,108568,2,0
108568,108582,2,0
108582,108596,2,0
108596,108610,2,0
108610,108624,2,0
108624,108638,2,0
108638,108652,2,0
108652,108666,2,0
108666,108680,2,0
108680,108694,2,0
108694,108708,2,0
108708,108722,2,0
108722,108736,2,0
108736,108750,2,0
108750,108764,2,0
108764,108778,2,0
108778,108792,2,0
108792,108806,2,0
108806,108820,2,0
108820,108834,2,0
108834,108848,2,0
108848,108862,2,0
108862,108876,2,0
108876,108890,2,0
108890,108904,2,0
108904,108918,2,0
108918,108932,2,0
108932,108946,2,0
108946,108960,2,0
108960,108974,2,0
108974,108988,2,0
108988,109002,2,0
109002,109016,2,0
109016,109030,2,0
109030,109044,2,0
109044,109058,2,0
109058,109072,2,0
109072,109086,2,0
109086,109100,2,0
109100,109114,2,0
109114,109128,2,0
109128,109142,2,0
109142,109156,2,0
109156,109170,2,0
109170,109184,2,0
109184,109198,2,0
109198,109212,2,0
109212,109226,2,0
109226,109240,2,0
109240,109254,2,0
109254,109268,2,0
109268,109282,2,0
109282,109296,2,0
109296,109310,2,0
109310,109324,2,0
109324,109338,2,0
109338,109352,2,0
109352,109366,2,0
109366,109380,2,0
109380,109394,2,0
109394,109408,2,0
109408,109422,2,0
109422,109436,2,0
109436,109450,2,0
109450,109464,2,0
109464,109478,2,0
109478,109492,2,0
109492,109506,2,0
109506,109520,2,0
109520,109534,2,0
109534,109565,4,1
109565,109579,2,0
109579,109593,2,0
109593,109607,2,0
109607,109621,2,0
109621,109635,2,0
109635,109649,2,0
109649,109663,2,0
109663,109677,2,0
109677,109691,2,0
109691,109705,2,0
109705,109719,2,0
109719,109733,2,0
109733,109747,2,0
109747,109761,2,0
109761,109775,2,0
109775,109789,2,0
109789,109803,2,0
109803,109835,4,1
109835,109849,2,0
109849,109863,2,0
109863,109877,2,0
109877,109891,2,0
109891,109905,2,0
109905,109919,2,0
109919,109933,2,0
109933,109947,2,0
109947,109961,2,0
109961,109975,2,0
109975,109989,2,0
109989,110003,2,0
110003,110017,2,0
110017,110031,2,0
110031,110045,2,0
110045,110059,2,0
110059,110073,2,0
110073,110087,2,0
110087,110101,2,0
110101,110115,2,0
110115,110129,2,0
110129,110143,2,0
110143,110157,2,0
110157,110171,2,0
110171,110185,2,0
110185,110199,2,0
110199,110213,2,0
110213,110227,2,0
110227,110241,2,0
110241,110255,2,0
110255,110269,2,0
110269,110283,2,0
110283,110297,2,0
110297,110311,2,0
110311,110325,2,0
110325,110339,2,0
110339,110353,2,0
110353,110367,2,0
110367,110381,2,0
110381,110395,2,0
110395,110409,2,0
110409,110423,2,0
110423,110437,2,0
110437,110451,2,0
110451,110465,2,0
110465,110479,2,0
110479,110493,2,0
110493,110507,2,0
110507,110521,2,0
110521,110535,2,0
110535,110549,2,0
110549,110563,2,0
110563,110577,2,0
110577,110591,2,0
110591,110605,2,0
110605,110619,2,0
110619,110633,2,0
110633,110647,2,0
110647,110661,2,0
110661,110675,2,0
110675,110689,2,0
110689,110703,2,0
110703,110717,2,0
110717,110731,2,0
110731,110745,2,0
110745,110759,2,0
110759,110773,2,0
110773,110787,2,0
110787,110801,2,0
110801,110815,2,0
110815,110829,2,0
110829,110843,2,0
110843,110857,2,0
110857,110871,2,0
110871,110885,2,0
110885,110899,2,0
110899,110913,2,0
110913,110927,2,0
110927,110941,2,0
110941,110955,2,0
110955,110969,2,0
110969,110983,2,0
110983,110997,2,0
110997,111011,2,0
111011,111025,2,0
111025,111039,2,0
111039,111053,2,0
111053,111067,2,0
111067,111081,2,0
111081,111095,2,0
111095,111127,4,1
111127,111141,2,0
111141,111155,2,0
111155,111169,2,0
111169,111183,2,0
111183,111197,2,0
111197,111211,2,0
111211,111225,2,0
111225,111239,2,0
111239,111253,2,0
111253,111267,2,0
111267,111281,2,0
111281,111295,2,0
111295,111309,2,0
111309,111323,2,0
111323,111337,2,0
111337,111351,2,0
111351,111365,2,0
111365,111379,2,0
111379,111393,2,0
111393,111407,2,0
111407,111421,2,0
111421,111435,2,0
111435,111449,2,0
111449,111463,2,0
111463,111477,2,0
111477,111491,2,0
111491,111505,2,0
111505,111519,2,0
111519,111533,2,0
111533,111547,2,0
111547,111561,2,0
111561,111575,2,0
111575,111589,2,0
111589,111603,2,0
111603,111617,2,0
111617,111631,2,0
111631,111645,2,0
111645,111659,2,0
111659,111673,2,0
111673,111687,2,0
111687,111701,2,0
111701,111715,2,0
111715,111729,2,0
111729,111743,2,0
111743,111757,2,0
111757,111771,2,0
111771,111785,2,0
111785,111799,2,0
111799,111813,2,0
111813,111827,2,0
111827,111841,2,0
111841,111855,2,0
111855,111869,2,0
111869,111883,2,0
111883,111897,2,0
111897,111911,2,0
111911,111925,2,0
111925,111939,2,0
111939,111953,2,0
111953,111967,2,0
111967,111981,2,0
111981,111995,2,0
111995,112009,2,0
112009,112023,2,0
112023,112037,2,0
112037,112051,2,0
112051,112065,2,0
112065,112079,2,0
112079,112093,2,0
112093,112107,2,0
112107,112121,2,0
112121,112135,2,0
112135,112149,2,0
112149,112163,2,0
112163,112177,2,0
112177,112191,2,0
112191,112205,2,0
112205,112219,2,0
112219,112233,2,0
112233,112247,2,0
112247,112261,2,0
112261,112275,2,0
112275,112289,2,0
112289,112303,2,0
112303,112317,2,0
112317,112331,2,0
112331,112345,2,0
112345,112359,2,0
112359,112373,2,0
112373,112387,2,0
112387,112401,2,0
112401,112415,2,0
112415,112429,2,0
112429,112443,2,0
112443,112457,2,0
112457,112471,2,0
112471,112485,2,0
112485,112499,2,0
112499,112513,2,0
112513,112527,2,0
112527,112541,2,0
112541,112555,2,0
112555,112569,2,0
112569,112583,2,0
112583,112597,2,0
112597,112611,2,0
112611,112625,2,0
112625,112639,2,0
112639,112653,2,0
112653,112667,2,0
112667,112681,2,0
112681,112695,2,0
112695,112709,2,0
112709,112723,2,0
112723,112737,2,0
112737,112751,2,0
112751,112765,2,0
112765,112779,2,0
112779,112793,2,0
112793,112807,2,0
112807,112821,2,0
112821,112835,2,0
112835,112849,2,0
112849,112863,2,0
112863,112877,2,0
112877,112891,2,0
112891,112905,2,0
112905,112919,2,0
112919,112933,2,0
112933,112947,2,0
112947,112961,2,0
112961,112975,2,0
112975,112989,2,0
112989,113003,2,0
113003,113017,2,0
113017,113031,2,0
113031,113045,2,0
113045,113059,2,0
113059,113073,2,0
113073,113087,2,0
113087,113101,2,0
113101,113115,2,0
113115,113129,2,0
113129,113143,2,0
113143,113157,2,0
113157,113171,2,0
113171,113185,2,0
113185,113199,2,0
113199,113213,2,0
113213,113227,2,0
113227,113241,2,0
113241,113255,2,0
113255,113269,2,0
113269,113283,2,0
113283,113297,2,0
113297,113311,2,0
113311,113325,2,0
113325,113339,2,0
113339,113353,2,0
113353,113367,2,0
113367,113381,2,0
113381,113395,2,0
113395,113409,2,0
113409,113423,2,0
113423,113437,2,0
113437,113451,2,0
113451,113465,2,0
113465,113479,2,0
113479,113493,2,0
113493,113507,2,0
113507,113521,2,0
113521,113535,2,0
113535,113549,2,0
113549,113563,2,0
113563,113577,2,0
113577,113591,2,0
113591,113605,2,0
113605,113619,2,0
113619,113633,2,0
113633,113647,2,0
113647,113661,2,0
