case,session,index,time_ms,event,args
B,10,176852,2958.633,Task Ready,[37880]
B,10,176853,2958.6472546296295,Task Run,[37880]
B,10,176854,2960.6078888888887,ISR Enter,[56]
B,10,176855,2960.623347222222,Queue Send From ISR,"[14704, 537198440]"
B,10,176856,2960.632537037037,Task Ready,[36160]
B,10,176857,2960.6380185185185,ISR Exit,[]
B,10,176858,2960.836763888889,Queue Send,"[14920, 536908656, 200, 0]"
B,10,176859,2960.8448194444445,Task Ready,[34952]
B,10,176860,2960.854986111111,Task Block,"[37880, 4]"
B,10,176861,2960.8647175925926,Task Run,[36160]
B,10,176862,2960.872513888889,Queue Receive,"[14704, 3758096384, 4294967295, 1]"
B,10,176863,2960.976486111111,Queue Send,"[14920, 536906932, 200, 0]"
B,10,176864,2960.9954259259257,Task Block,"[36160, 4]"
B,10,176865,2961.0083055555556,Task Run,[34952]
B,10,176866,2961.0166712962964,Queue Receive,"[14920, 3758096384, 20, 1]"
B,10,176867,2961.0365925925926,Task Block,"[34952, 4]"
B,10,176868,2961.0503425925926,Idle,[]
B,10,176869,2961.727148148148,Task Ready,[34952]
B,10,176870,2961.738703703704,Task Run,[34952]
B,10,176871,2961.7503657407406,Queue Receive,"[32928, 3758096384, 0, 1]"
B,10,176872,2961.759189814815,Queue Receive,"[14920, 3758096384, 20, 1]"
B,10,176873,2961.7790694444443,Task Block,"[34952, 4]"
B,10,176874,2961.790439814815,Idle,[]
B,10,176875,2962.4694027777778,Task Ready,[34952]
B,10,176876,2962.478476851852,Task Run,[34952]
B,10,176877,2962.4937638888887,Queue Receive,"[32928, 3758096384, 0, 1]"
B,10,176878,2962.507925925926,Task Block,"[34952, 4]"
B,10,176879,2962.5193935185184,Idle,[]
B,10,176880,2968.6330787037036,Task Ready,[37880]
B,10,176881,2968.6470648148147,Task Run,[37880]
