irq,start_cycles,entry_event,queue_sends,end_cycles,exit_event,duration_us,to_scheduler
56,10803760,158505,1,10810248,158508,30.037037037037038,True
56,244518348,160035,1,244524888,160038,30.27777777777778,True
56,286494477,160328,1,286499840,160331,24.828703703703702,True
56,506597060,161761,1,506603686,161764,30.675925925925927,True
56,737854418,163283,1,737859814,163286,24.98148148148148,True
56,964613778,164767,1,964617677,164769,18.050925925925927,True
56,1006445241,165053,1,1006451850,165056,30.59722222222222,True
56,1046580131,165323,1,1046586638,165326,30.125,True
56,1082581829,165576,1,1082588367,165579,30.26851851851852,True
56,1115164967,165804,1,1115171579,165807,30.61111111111111,True
56,1429081941,167861,1,1429087373,167864,25.14814814814815,True
56,1470293330,168147,1,1470299821,168150,30.050925925925927,True
56,1691663578,169593,1,1691670067,169596,30.041666666666668,True
56,1737586237,169905,1,1737592795,169908,30.36111111111111,True
56,1772598977,170156,1,1772605429,170159,29.87037037037037,True
