session,events,duration_s,closed,telemetry_sends,button_irqs,telemetry_median_us,button_ready_max_us
1,28194,19.596986699074073,False,1960,76,157.53703703703704,15.99074074074074
2,23192,17.795366314814814,True,1501,114,157.52314814814815,115.48148148148148
3,4899,16.117043518518518,True,0,20,,
4,20576,18.06595874537037,True,1357,20,4775.37962962963,4196.439814814815
5,19630,13.836456236111111,True,1384,15,3452.1111111111113,3483.0185185185187
6,17183,12.078894189814815,True,1208,16,5158.722222222223,3726.125
7,18883,13.180054148148148,True,1318,25,2157.7361111111113,2092.574074074074
8,25856,18.212576055555555,True,1822,21,2157.7824074074074,2146.759259259259
9,14239,10.939991291666667,True,965,15,157.04166666666666,29.87037037037037
10,19294,13.521382180555555,True,1353,20,2157.7662037037035,1377.101851851852
